"","species","parameter","estimate","NaturalSubregionNum","NaturalSubregionCode"
"1","UNKN.SWD","a0",0.858012,"2","DMW"
"2","UNKN.SWD","a0",0.858012,"15","PRP"
"3","UNKN.SWD","a0",0.858012,"16","CP"
"4","UNKN.SWD","a0",0.864073,"9","M"
"5","UNKN.SWD","a0",0.864073,"11","LF"
"6","UNKN.SWD","a0",0.864073,"14","FP"
"7","UNKN.SWD","a0",0.836332,"7","ALP"
"8","UNKN.SWD","a0",0.836332,"8","SA"
"9","UNKN.SWD","a0",0.836332,"10","UF"
"10","UNKN.SWD","a0",0.907541,"1","CM"
"11","UNKN.SWD","a0",0.907541,"3","NM"
"12","UNKN.SWD","a0",0.907541,"4","BSA"
"13","UNKN.SWD","a0",0.907541,"5","PAD"
"14","UNKN.SWD","a0",0.907541,"6","LBH"
"15","UNKN.SWD","a0",0.907541,"12","AP"
"16","UNKN.SWD","a0",0.907541,"13","KU"
"17","UNKN.SWD","a1",0.994667,"2","DMW"
"18","UNKN.SWD","a1",0.994667,"15","PRP"
"19","UNKN.SWD","a1",0.994667,"16","CP"
"20","UNKN.SWD","a1",1.000696,"9","M"
"21","UNKN.SWD","a1",1.000696,"11","LF"
"22","UNKN.SWD","a1",1.000696,"14","FP"
"23","UNKN.SWD","a1",1.023299,"7","ALP"
"24","UNKN.SWD","a1",1.023299,"8","SA"
"25","UNKN.SWD","a1",1.023299,"10","UF"
"26","UNKN.SWD","a1",0.972889,"1","CM"
"27","UNKN.SWD","a1",0.972889,"3","NM"
"28","UNKN.SWD","a1",0.972889,"4","BSA"
"29","UNKN.SWD","a1",0.972889,"5","PAD"
"30","UNKN.SWD","a1",0.972889,"6","LBH"
"31","UNKN.SWD","a1",0.972889,"12","AP"
"32","UNKN.SWD","a1",0.972889,"13","KU"
"33","UNKN.SWD","a2",0.998503,"2","DMW"
"34","UNKN.SWD","a2",0.998503,"15","PRP"
"35","UNKN.SWD","a2",0.998503,"16","CP"
"36","UNKN.SWD","a2",0.998194,"9","M"
"37","UNKN.SWD","a2",0.998194,"11","LF"
"38","UNKN.SWD","a2",0.998194,"14","FP"
"39","UNKN.SWD","a2",0.996897,"7","ALP"
"40","UNKN.SWD","a2",0.996897,"8","SA"
"41","UNKN.SWD","a2",0.996897,"10","UF"
"42","UNKN.SWD","a2",0.999056,"1","CM"
"43","UNKN.SWD","a2",0.999056,"3","NM"
"44","UNKN.SWD","a2",0.999056,"4","BSA"
"45","UNKN.SWD","a2",0.999056,"5","PAD"
"46","UNKN.SWD","a2",0.999056,"6","LBH"
"47","UNKN.SWD","a2",0.999056,"12","AP"
"48","UNKN.SWD","a2",0.999056,"13","KU"
"49","UNKN.SWD","b1",0.957817,"2","DMW"
"50","UNKN.SWD","b1",0.957817,"15","PRP"
"51","UNKN.SWD","b1",0.957817,"16","CP"
"52","UNKN.SWD","b1",1.089652,"9","M"
"53","UNKN.SWD","b1",1.089652,"11","LF"
"54","UNKN.SWD","b1",1.089652,"14","FP"
"55","UNKN.SWD","b1",1.142097,"7","ALP"
"56","UNKN.SWD","b1",1.142097,"8","SA"
"57","UNKN.SWD","b1",1.142097,"10","UF"
"58","UNKN.SWD","b1",0.838891,"1","CM"
"59","UNKN.SWD","b1",0.838891,"3","NM"
"60","UNKN.SWD","b1",0.838891,"4","BSA"
"61","UNKN.SWD","b1",0.838891,"5","PAD"
"62","UNKN.SWD","b1",0.838891,"6","LBH"
"63","UNKN.SWD","b1",0.838891,"12","AP"
"64","UNKN.SWD","b1",0.838891,"13","KU"
"65","UNKN.SWD","b2",-0.22815,"2","DMW"
"66","UNKN.SWD","b2",-0.22815,"15","PRP"
"67","UNKN.SWD","b2",-0.22815,"16","CP"
"68","UNKN.SWD","b2",-0.224349,"9","M"
"69","UNKN.SWD","b2",-0.224349,"11","LF"
"70","UNKN.SWD","b2",-0.224349,"14","FP"
"71","UNKN.SWD","b2",-0.253295,"7","ALP"
"72","UNKN.SWD","b2",-0.253295,"8","SA"
"73","UNKN.SWD","b2",-0.253295,"10","UF"
"74","UNKN.SWD","b2",-0.227784,"1","CM"
"75","UNKN.SWD","b2",-0.227784,"3","NM"
"76","UNKN.SWD","b2",-0.227784,"4","BSA"
"77","UNKN.SWD","b2",-0.227784,"5","PAD"
"78","UNKN.SWD","b2",-0.227784,"6","LBH"
"79","UNKN.SWD","b2",-0.227784,"12","AP"
"80","UNKN.SWD","b2",-0.227784,"13","KU"
"81","UNKN.SWD","b3",1.696453,"2","DMW"
"82","UNKN.SWD","b3",1.696453,"15","PRP"
"83","UNKN.SWD","b3",1.696453,"16","CP"
"84","UNKN.SWD","b3",1.584261,"9","M"
"85","UNKN.SWD","b3",1.584261,"11","LF"
"86","UNKN.SWD","b3",1.584261,"14","FP"
"87","UNKN.SWD","b3",1.834277,"7","ALP"
"88","UNKN.SWD","b3",1.834277,"8","SA"
"89","UNKN.SWD","b3",1.834277,"10","UF"
"90","UNKN.SWD","b3",1.620364,"1","CM"
"91","UNKN.SWD","b3",1.620364,"3","NM"
"92","UNKN.SWD","b3",1.620364,"4","BSA"
"93","UNKN.SWD","b3",1.620364,"5","PAD"
"94","UNKN.SWD","b3",1.620364,"6","LBH"
"95","UNKN.SWD","b3",1.620364,"12","AP"
"96","UNKN.SWD","b3",1.620364,"13","KU"
"97","UNKN.SWD","b4",-0.788021,"2","DMW"
"98","UNKN.SWD","b4",-0.788021,"15","PRP"
"99","UNKN.SWD","b4",-0.788021,"16","CP"
"100","UNKN.SWD","b4",-0.813796,"9","M"
"101","UNKN.SWD","b4",-0.813796,"11","LF"
"102","UNKN.SWD","b4",-0.813796,"14","FP"
"103","UNKN.SWD","b4",-0.914346,"7","ALP"
"104","UNKN.SWD","b4",-0.914346,"8","SA"
"105","UNKN.SWD","b4",-0.914346,"10","UF"
"106","UNKN.SWD","b4",-0.686296,"1","CM"
"107","UNKN.SWD","b4",-0.686296,"3","NM"
"108","UNKN.SWD","b4",-0.686296,"4","BSA"
"109","UNKN.SWD","b4",-0.686296,"5","PAD"
"110","UNKN.SWD","b4",-0.686296,"6","LBH"
"111","UNKN.SWD","b4",-0.686296,"12","AP"
"112","UNKN.SWD","b4",-0.686296,"13","KU"
"113","UNKN.SWD","b5",0.142355,"2","DMW"
"114","UNKN.SWD","b5",0.142355,"15","PRP"
"115","UNKN.SWD","b5",0.142355,"16","CP"
"116","UNKN.SWD","b5",0.165997,"9","M"
"117","UNKN.SWD","b5",0.165997,"11","LF"
"118","UNKN.SWD","b5",0.165997,"14","FP"
"119","UNKN.SWD","b5",0.121166,"7","ALP"
"120","UNKN.SWD","b5",0.121166,"8","SA"
"121","UNKN.SWD","b5",0.121166,"10","UF"
"122","UNKN.SWD","b5",0.065843,"1","CM"
"123","UNKN.SWD","b5",0.065843,"3","NM"
"124","UNKN.SWD","b5",0.065843,"4","BSA"
"125","UNKN.SWD","b5",0.065843,"5","PAD"
"126","UNKN.SWD","b5",0.065843,"6","LBH"
"127","UNKN.SWD","b5",0.065843,"12","AP"
"128","UNKN.SWD","b5",0.065843,"13","KU"
"129","UNKN.HWD","a0",0.986975,"2","DMW"
"130","UNKN.HWD","a0",0.986975,"14","FP"
"131","UNKN.HWD","a0",0.986975,"15","PRP"
"132","UNKN.HWD","a0",0.986975,"16","CP"
"133","UNKN.HWD","a0",0.875806,"9","M"
"134","UNKN.HWD","a0",0.875806,"11","LF"
"135","UNKN.HWD","a0",0.553873,"7","ALP"
"136","UNKN.HWD","a0",0.553873,"8","SA"
"137","UNKN.HWD","a0",0.553873,"10","UF"
"138","UNKN.HWD","a0",0.850133,"1","CM"
"139","UNKN.HWD","a0",0.850133,"3","NM"
"140","UNKN.HWD","a0",0.850133,"4","BSA"
"141","UNKN.HWD","a0",0.850133,"5","PAD"
"142","UNKN.HWD","a0",0.850133,"6","LBH"
"143","UNKN.HWD","a0",0.850133,"12","AP"
"144","UNKN.HWD","a0",0.850133,"13","KU"
"145","UNKN.HWD","a1",0.908801,"2","DMW"
"146","UNKN.HWD","a1",0.908801,"14","FP"
"147","UNKN.HWD","a1",0.908801,"15","PRP"
"148","UNKN.HWD","a1",0.908801,"16","CP"
"149","UNKN.HWD","a1",0.974791,"9","M"
"150","UNKN.HWD","a1",0.974791,"11","LF"
"151","UNKN.HWD","a1",1.182243,"7","ALP"
"152","UNKN.HWD","a1",1.182243,"8","SA"
"153","UNKN.HWD","a1",1.182243,"10","UF"
"154","UNKN.HWD","a1",0.991087,"1","CM"
"155","UNKN.HWD","a1",0.991087,"3","NM"
"156","UNKN.HWD","a1",0.991087,"4","BSA"
"157","UNKN.HWD","a1",0.991087,"5","PAD"
"158","UNKN.HWD","a1",0.991087,"6","LBH"
"159","UNKN.HWD","a1",0.991087,"12","AP"
"160","UNKN.HWD","a1",0.991087,"13","KU"
"161","UNKN.HWD","a2",1.003121,"2","DMW"
"162","UNKN.HWD","a2",1.003121,"14","FP"
"163","UNKN.HWD","a2",1.003121,"15","PRP"
"164","UNKN.HWD","a2",1.003121,"16","CP"
"165","UNKN.HWD","a2",0.999886,"9","M"
"166","UNKN.HWD","a2",0.999886,"11","LF"
"167","UNKN.HWD","a2",0.991753,"7","ALP"
"168","UNKN.HWD","a2",0.991753,"8","SA"
"169","UNKN.HWD","a2",0.991753,"10","UF"
"170","UNKN.HWD","a2",0.99875,"1","CM"
"171","UNKN.HWD","a2",0.99875,"3","NM"
"172","UNKN.HWD","a2",0.99875,"4","BSA"
"173","UNKN.HWD","a2",0.99875,"5","PAD"
"174","UNKN.HWD","a2",0.99875,"6","LBH"
"175","UNKN.HWD","a2",0.99875,"12","AP"
"176","UNKN.HWD","a2",0.99875,"13","KU"
"177","UNKN.HWD","b1",0.628126,"2","DMW"
"178","UNKN.HWD","b1",0.628126,"14","FP"
"179","UNKN.HWD","b1",0.628126,"15","PRP"
"180","UNKN.HWD","b1",0.628126,"16","CP"
"181","UNKN.HWD","b1",0.531879,"9","M"
"182","UNKN.HWD","b1",0.531879,"11","LF"
"183","UNKN.HWD","b1",0.600794,"7","ALP"
"184","UNKN.HWD","b1",0.600794,"8","SA"
"185","UNKN.HWD","b1",0.600794,"10","UF"
"186","UNKN.HWD","b1",0.631153,"1","CM"
"187","UNKN.HWD","b1",0.631153,"3","NM"
"188","UNKN.HWD","b1",0.631153,"4","BSA"
"189","UNKN.HWD","b1",0.631153,"5","PAD"
"190","UNKN.HWD","b1",0.631153,"6","LBH"
"191","UNKN.HWD","b1",0.631153,"12","AP"
"192","UNKN.HWD","b1",0.631153,"13","KU"
"193","UNKN.HWD","b2",-0.06144,"2","DMW"
"194","UNKN.HWD","b2",-0.06144,"14","FP"
"195","UNKN.HWD","b2",-0.06144,"15","PRP"
"196","UNKN.HWD","b2",-0.06144,"16","CP"
"197","UNKN.HWD","b2",-0.04969,"9","M"
"198","UNKN.HWD","b2",-0.04969,"11","LF"
"199","UNKN.HWD","b2",-0.05839,"7","ALP"
"200","UNKN.HWD","b2",-0.05839,"8","SA"
"201","UNKN.HWD","b2",-0.05839,"10","UF"
"202","UNKN.HWD","b2",-0.085234,"1","CM"
"203","UNKN.HWD","b2",-0.085234,"3","NM"
"204","UNKN.HWD","b2",-0.085234,"4","BSA"
"205","UNKN.HWD","b2",-0.085234,"5","PAD"
"206","UNKN.HWD","b2",-0.085234,"6","LBH"
"207","UNKN.HWD","b2",-0.085234,"12","AP"
"208","UNKN.HWD","b2",-0.085234,"13","KU"
"209","UNKN.HWD","b3",-0.034635,"2","DMW"
"210","UNKN.HWD","b3",-0.034635,"14","FP"
"211","UNKN.HWD","b3",-0.034635,"15","PRP"
"212","UNKN.HWD","b3",-0.034635,"16","CP"
"213","UNKN.HWD","b3",-0.290443,"9","M"
"214","UNKN.HWD","b3",-0.290443,"11","LF"
"215","UNKN.HWD","b3",-0.222472,"7","ALP"
"216","UNKN.HWD","b3",-0.222472,"8","SA"
"217","UNKN.HWD","b3",-0.222472,"10","UF"
"218","UNKN.HWD","b3",-0.067347,"1","CM"
"219","UNKN.HWD","b3",-0.067347,"3","NM"
"220","UNKN.HWD","b3",-0.067347,"4","BSA"
"221","UNKN.HWD","b3",-0.067347,"5","PAD"
"222","UNKN.HWD","b3",-0.067347,"6","LBH"
"223","UNKN.HWD","b3",-0.067347,"12","AP"
"224","UNKN.HWD","b3",-0.067347,"13","KU"
"225","UNKN.HWD","b4",0.049512,"2","DMW"
"226","UNKN.HWD","b4",0.049512,"14","FP"
"227","UNKN.HWD","b4",0.049512,"15","PRP"
"228","UNKN.HWD","b4",0.049512,"16","CP"
"229","UNKN.HWD","b4",0.184209,"9","M"
"230","UNKN.HWD","b4",0.184209,"11","LF"
"231","UNKN.HWD","b4",0.113434,"7","ALP"
"232","UNKN.HWD","b4",0.113434,"8","SA"
"233","UNKN.HWD","b4",0.113434,"10","UF"
"234","UNKN.HWD","b4",0.082414,"1","CM"
"235","UNKN.HWD","b4",0.082414,"3","NM"
"236","UNKN.HWD","b4",0.082414,"4","BSA"
"237","UNKN.HWD","b4",0.082414,"5","PAD"
"238","UNKN.HWD","b4",0.082414,"6","LBH"
"239","UNKN.HWD","b4",0.082414,"12","AP"
"240","UNKN.HWD","b4",0.082414,"13","KU"
"241","UNKN.HWD","b5",0.105204,"2","DMW"
"242","UNKN.HWD","b5",0.105204,"14","FP"
"243","UNKN.HWD","b5",0.105204,"15","PRP"
"244","UNKN.HWD","b5",0.105204,"16","CP"
"245","UNKN.HWD","b5",0.073231,"9","M"
"246","UNKN.HWD","b5",0.073231,"11","LF"
"247","UNKN.HWD","b5",0.117909,"7","ALP"
"248","UNKN.HWD","b5",0.117909,"8","SA"
"249","UNKN.HWD","b5",0.117909,"10","UF"
"250","UNKN.HWD","b5",0.039234,"1","CM"
"251","UNKN.HWD","b5",0.039234,"3","NM"
"252","UNKN.HWD","b5",0.039234,"4","BSA"
"253","UNKN.HWD","b5",0.039234,"5","PAD"
"254","UNKN.HWD","b5",0.039234,"6","LBH"
"255","UNKN.HWD","b5",0.039234,"12","AP"
"256","UNKN.HWD","b5",0.039234,"13","KU"
"257","PICE.MAR","a0",0.957624,"7","ALP"
"258","PICE.MAR","a0",0.957624,"8","SA"
"259","PICE.MAR","a0",0.957624,"9","M"
"260","PICE.MAR","a0",0.957624,"10","UF"
"261","PICE.MAR","a0",0.957624,"11","LF"
"262","PICE.MAR","a0",0.929037,"1","CM"
"263","PICE.MAR","a0",0.929037,"2","DMW"
"264","PICE.MAR","a0",0.929037,"3","NM"
"265","PICE.MAR","a0",0.929037,"4","BSA"
"266","PICE.MAR","a0",0.929037,"5","PAD"
"267","PICE.MAR","a0",0.929037,"6","LBH"
"268","PICE.MAR","a0",0.929037,"12","AP"
"269","PICE.MAR","a0",0.929037,"13","KU"
"270","PICE.MAR","a0",0.929037,"14","FP"
"271","PICE.MAR","a0",0.929037,"15","PRP"
"272","PICE.MAR","a0",0.929037,"16","CP"
"273","PICE.MAR","a0",0.940695,NA,"Province"
"274","PICE.MAR","a1",0.94674,"7","ALP"
"275","PICE.MAR","a1",0.94674,"8","SA"
"276","PICE.MAR","a1",0.94674,"9","M"
"277","PICE.MAR","a1",0.94674,"10","UF"
"278","PICE.MAR","a1",0.94674,"11","LF"
"279","PICE.MAR","a1",0.967718,"1","CM"
"280","PICE.MAR","a1",0.967718,"2","DMW"
"281","PICE.MAR","a1",0.967718,"3","NM"
"282","PICE.MAR","a1",0.967718,"4","BSA"
"283","PICE.MAR","a1",0.967718,"5","PAD"
"284","PICE.MAR","a1",0.967718,"6","LBH"
"285","PICE.MAR","a1",0.967718,"12","AP"
"286","PICE.MAR","a1",0.967718,"13","KU"
"287","PICE.MAR","a1",0.967718,"14","FP"
"288","PICE.MAR","a1",0.967718,"15","PRP"
"289","PICE.MAR","a1",0.967718,"16","CP"
"290","PICE.MAR","a1",0.957211,NA,"Province"
"291","PICE.MAR","a2",1.000452,"7","ALP"
"292","PICE.MAR","a2",1.000452,"8","SA"
"293","PICE.MAR","a2",1.000452,"9","M"
"294","PICE.MAR","a2",1.000452,"10","UF"
"295","PICE.MAR","a2",1.000452,"11","LF"
"296","PICE.MAR","a2",0.998511,"1","CM"
"297","PICE.MAR","a2",0.998511,"2","DMW"
"298","PICE.MAR","a2",0.998511,"3","NM"
"299","PICE.MAR","a2",0.998511,"4","BSA"
"300","PICE.MAR","a2",0.998511,"5","PAD"
"301","PICE.MAR","a2",0.998511,"6","LBH"
"302","PICE.MAR","a2",0.998511,"12","AP"
"303","PICE.MAR","a2",0.998511,"13","KU"
"304","PICE.MAR","a2",0.998511,"14","FP"
"305","PICE.MAR","a2",0.998511,"15","PRP"
"306","PICE.MAR","a2",0.998511,"16","CP"
"307","PICE.MAR","a2",0.99964,NA,"Province"
"308","PICE.MAR","b1",1.430462,"7","ALP"
"309","PICE.MAR","b1",1.430462,"8","SA"
"310","PICE.MAR","b1",1.430462,"9","M"
"311","PICE.MAR","b1",1.430462,"10","UF"
"312","PICE.MAR","b1",1.430462,"11","LF"
"313","PICE.MAR","b1",1.236597,"1","CM"
"314","PICE.MAR","b1",1.236597,"2","DMW"
"315","PICE.MAR","b1",1.236597,"3","NM"
"316","PICE.MAR","b1",1.236597,"4","BSA"
"317","PICE.MAR","b1",1.236597,"5","PAD"
"318","PICE.MAR","b1",1.236597,"6","LBH"
"319","PICE.MAR","b1",1.236597,"12","AP"
"320","PICE.MAR","b1",1.236597,"13","KU"
"321","PICE.MAR","b1",1.236597,"14","FP"
"322","PICE.MAR","b1",1.236597,"15","PRP"
"323","PICE.MAR","b1",1.236597,"16","CP"
"324","PICE.MAR","b1",1.395784,NA,"Province"
"325","PICE.MAR","b2",-0.356702,"7","ALP"
"326","PICE.MAR","b2",-0.356702,"8","SA"
"327","PICE.MAR","b2",-0.356702,"9","M"
"328","PICE.MAR","b2",-0.356702,"10","UF"
"329","PICE.MAR","b2",-0.356702,"11","LF"
"330","PICE.MAR","b2",-0.308204,"1","CM"
"331","PICE.MAR","b2",-0.308204,"2","DMW"
"332","PICE.MAR","b2",-0.308204,"3","NM"
"333","PICE.MAR","b2",-0.308204,"4","BSA"
"334","PICE.MAR","b2",-0.308204,"5","PAD"
"335","PICE.MAR","b2",-0.308204,"6","LBH"
"336","PICE.MAR","b2",-0.308204,"12","AP"
"337","PICE.MAR","b2",-0.308204,"13","KU"
"338","PICE.MAR","b2",-0.308204,"14","FP"
"339","PICE.MAR","b2",-0.308204,"15","PRP"
"340","PICE.MAR","b2",-0.308204,"16","CP"
"341","PICE.MAR","b2",-0.344672,NA,"Province"
"342","PICE.MAR","b3",2.950725,"7","ALP"
"343","PICE.MAR","b3",2.950725,"8","SA"
"344","PICE.MAR","b3",2.950725,"9","M"
"345","PICE.MAR","b3",2.950725,"10","UF"
"346","PICE.MAR","b3",2.950725,"11","LF"
"347","PICE.MAR","b3",2.535507,"1","CM"
"348","PICE.MAR","b3",2.535507,"2","DMW"
"349","PICE.MAR","b3",2.535507,"3","NM"
"350","PICE.MAR","b3",2.535507,"4","BSA"
"351","PICE.MAR","b3",2.535507,"5","PAD"
"352","PICE.MAR","b3",2.535507,"6","LBH"
"353","PICE.MAR","b3",2.535507,"12","AP"
"354","PICE.MAR","b3",2.535507,"13","KU"
"355","PICE.MAR","b3",2.535507,"14","FP"
"356","PICE.MAR","b3",2.535507,"15","PRP"
"357","PICE.MAR","b3",2.535507,"16","CP"
"358","PICE.MAR","b3",2.835917,NA,"Province"
"359","PICE.MAR","b4",-1.455471,"7","ALP"
"360","PICE.MAR","b4",-1.455471,"8","SA"
"361","PICE.MAR","b4",-1.455471,"9","M"
"362","PICE.MAR","b4",-1.455471,"10","UF"
"363","PICE.MAR","b4",-1.455471,"11","LF"
"364","PICE.MAR","b4",-1.22206,"1","CM"
"365","PICE.MAR","b4",-1.22206,"2","DMW"
"366","PICE.MAR","b4",-1.22206,"3","NM"
"367","PICE.MAR","b4",-1.22206,"4","BSA"
"368","PICE.MAR","b4",-1.22206,"5","PAD"
"369","PICE.MAR","b4",-1.22206,"6","LBH"
"370","PICE.MAR","b4",-1.22206,"12","AP"
"371","PICE.MAR","b4",-1.22206,"13","KU"
"372","PICE.MAR","b4",-1.22206,"14","FP"
"373","PICE.MAR","b4",-1.22206,"15","PRP"
"374","PICE.MAR","b4",-1.22206,"16","CP"
"375","PICE.MAR","b4",-1.39646,NA,"Province"
"376","PICE.MAR","b5",0.154263,"7","ALP"
"377","PICE.MAR","b5",0.154263,"8","SA"
"378","PICE.MAR","b5",0.154263,"9","M"
"379","PICE.MAR","b5",0.154263,"10","UF"
"380","PICE.MAR","b5",0.154263,"11","LF"
"381","PICE.MAR","b5",0.146243,"1","CM"
"382","PICE.MAR","b5",0.146243,"2","DMW"
"383","PICE.MAR","b5",0.146243,"3","NM"
"384","PICE.MAR","b5",0.146243,"4","BSA"
"385","PICE.MAR","b5",0.146243,"5","PAD"
"386","PICE.MAR","b5",0.146243,"6","LBH"
"387","PICE.MAR","b5",0.146243,"12","AP"
"388","PICE.MAR","b5",0.146243,"13","KU"
"389","PICE.MAR","b5",0.146243,"14","FP"
"390","PICE.MAR","b5",0.146243,"15","PRP"
"391","PICE.MAR","b5",0.146243,"16","CP"
"392","PICE.MAR","b5",0.152487,NA,"Province"
"393","ABIE.BAL","a0",0.918647,"1","CM"
"394","ABIE.BAL","a0",0.918647,"2","DMW"
"395","ABIE.BAL","a0",0.918647,"3","NM"
"396","ABIE.BAL","a0",0.918647,"4","BSA"
"397","ABIE.BAL","a0",0.918647,"5","PAD"
"398","ABIE.BAL","a0",0.918647,"6","LBH"
"399","ABIE.BAL","a0",0.918647,"9","M"
"400","ABIE.BAL","a0",0.918647,"11","LF"
"401","ABIE.BAL","a0",0.918647,"12","AP"
"402","ABIE.BAL","a0",0.918647,"13","KU"
"403","ABIE.BAL","a0",0.918647,"14","FP"
"404","ABIE.BAL","a0",0.918647,"15","PRP"
"405","ABIE.BAL","a0",0.918647,"16","CP"
"406","ABIE.BAL","a0",1.108006,"7","ALP"
"407","ABIE.BAL","a0",1.108006,"8","SA"
"408","ABIE.BAL","a0",1.108006,"10","UF"
"409","ABIE.BAL","a0",1.002016,NA,"Province"
"410","ABIE.BAL","a1",0.990225,"1","CM"
"411","ABIE.BAL","a1",0.990225,"2","DMW"
"412","ABIE.BAL","a1",0.990225,"3","NM"
"413","ABIE.BAL","a1",0.990225,"4","BSA"
"414","ABIE.BAL","a1",0.990225,"5","PAD"
"415","ABIE.BAL","a1",0.990225,"6","LBH"
"416","ABIE.BAL","a1",0.990225,"9","M"
"417","ABIE.BAL","a1",0.990225,"11","LF"
"418","ABIE.BAL","a1",0.990225,"12","AP"
"419","ABIE.BAL","a1",0.990225,"13","KU"
"420","ABIE.BAL","a1",0.990225,"14","FP"
"421","ABIE.BAL","a1",0.990225,"15","PRP"
"422","ABIE.BAL","a1",0.990225,"16","CP"
"423","ABIE.BAL","a1",0.89838,"7","ALP"
"424","ABIE.BAL","a1",0.89838,"8","SA"
"425","ABIE.BAL","a1",0.89838,"10","UF"
"426","ABIE.BAL","a1",0.944076,NA,"Province"
"427","ABIE.BAL","a2",0.997292,"1","CM"
"428","ABIE.BAL","a2",0.997292,"2","DMW"
"429","ABIE.BAL","a2",0.997292,"3","NM"
"430","ABIE.BAL","a2",0.997292,"4","BSA"
"431","ABIE.BAL","a2",0.997292,"5","PAD"
"432","ABIE.BAL","a2",0.997292,"6","LBH"
"433","ABIE.BAL","a2",0.997292,"9","M"
"434","ABIE.BAL","a2",0.997292,"11","LF"
"435","ABIE.BAL","a2",0.997292,"12","AP"
"436","ABIE.BAL","a2",0.997292,"13","KU"
"437","ABIE.BAL","a2",0.997292,"14","FP"
"438","ABIE.BAL","a2",0.997292,"15","PRP"
"439","ABIE.BAL","a2",0.997292,"16","CP"
"440","ABIE.BAL","a2",1.001816,"7","ALP"
"441","ABIE.BAL","a2",1.001816,"8","SA"
"442","ABIE.BAL","a2",1.001816,"10","UF"
"443","ABIE.BAL","a2",0.999921,NA,"Province"
"444","ABIE.BAL","b1",1.568514,"1","CM"
"445","ABIE.BAL","b1",1.568514,"2","DMW"
"446","ABIE.BAL","b1",1.568514,"3","NM"
"447","ABIE.BAL","b1",1.568514,"4","BSA"
"448","ABIE.BAL","b1",1.568514,"5","PAD"
"449","ABIE.BAL","b1",1.568514,"6","LBH"
"450","ABIE.BAL","b1",1.568514,"9","M"
"451","ABIE.BAL","b1",1.568514,"11","LF"
"452","ABIE.BAL","b1",1.568514,"12","AP"
"453","ABIE.BAL","b1",1.568514,"13","KU"
"454","ABIE.BAL","b1",1.568514,"14","FP"
"455","ABIE.BAL","b1",1.568514,"15","PRP"
"456","ABIE.BAL","b1",1.568514,"16","CP"
"457","ABIE.BAL","b1",1.338336,"7","ALP"
"458","ABIE.BAL","b1",1.338336,"8","SA"
"459","ABIE.BAL","b1",1.338336,"10","UF"
"460","ABIE.BAL","b1",1.33633,NA,"Province"
"461","ABIE.BAL","b2",-0.384262,"1","CM"
"462","ABIE.BAL","b2",-0.384262,"2","DMW"
"463","ABIE.BAL","b2",-0.384262,"3","NM"
"464","ABIE.BAL","b2",-0.384262,"4","BSA"
"465","ABIE.BAL","b2",-0.384262,"5","PAD"
"466","ABIE.BAL","b2",-0.384262,"6","LBH"
"467","ABIE.BAL","b2",-0.384262,"9","M"
"468","ABIE.BAL","b2",-0.384262,"11","LF"
"469","ABIE.BAL","b2",-0.384262,"12","AP"
"470","ABIE.BAL","b2",-0.384262,"13","KU"
"471","ABIE.BAL","b2",-0.384262,"14","FP"
"472","ABIE.BAL","b2",-0.384262,"15","PRP"
"473","ABIE.BAL","b2",-0.384262,"16","CP"
"474","ABIE.BAL","b2",-0.30463,"7","ALP"
"475","ABIE.BAL","b2",-0.30463,"8","SA"
"476","ABIE.BAL","b2",-0.30463,"10","UF"
"477","ABIE.BAL","b2",-0.320352,NA,"Province"
"478","ABIE.BAL","b3",3.503466,"1","CM"
"479","ABIE.BAL","b3",3.503466,"2","DMW"
"480","ABIE.BAL","b3",3.503466,"3","NM"
"481","ABIE.BAL","b3",3.503466,"4","BSA"
"482","ABIE.BAL","b3",3.503466,"5","PAD"
"483","ABIE.BAL","b3",3.503466,"6","LBH"
"484","ABIE.BAL","b3",3.503466,"9","M"
"485","ABIE.BAL","b3",3.503466,"11","LF"
"486","ABIE.BAL","b3",3.503466,"12","AP"
"487","ABIE.BAL","b3",3.503466,"13","KU"
"488","ABIE.BAL","b3",3.503466,"14","FP"
"489","ABIE.BAL","b3",3.503466,"15","PRP"
"490","ABIE.BAL","b3",3.503466,"16","CP"
"491","ABIE.BAL","b3",2.694363,"7","ALP"
"492","ABIE.BAL","b3",2.694363,"8","SA"
"493","ABIE.BAL","b3",2.694363,"10","UF"
"494","ABIE.BAL","b3",2.839497,NA,"Province"
"495","ABIE.BAL","b4",-1.677185,"1","CM"
"496","ABIE.BAL","b4",-1.677185,"2","DMW"
"497","ABIE.BAL","b4",-1.677185,"3","NM"
"498","ABIE.BAL","b4",-1.677185,"4","BSA"
"499","ABIE.BAL","b4",-1.677185,"5","PAD"
"500","ABIE.BAL","b4",-1.677185,"6","LBH"
"501","ABIE.BAL","b4",-1.677185,"9","M"
"502","ABIE.BAL","b4",-1.677185,"11","LF"
"503","ABIE.BAL","b4",-1.677185,"12","AP"
"504","ABIE.BAL","b4",-1.677185,"13","KU"
"505","ABIE.BAL","b4",-1.677185,"14","FP"
"506","ABIE.BAL","b4",-1.677185,"15","PRP"
"507","ABIE.BAL","b4",-1.677185,"16","CP"
"508","ABIE.BAL","b4",-1.277617,"7","ALP"
"509","ABIE.BAL","b4",-1.277617,"8","SA"
"510","ABIE.BAL","b4",-1.277617,"10","UF"
"511","ABIE.BAL","b4",-1.324815,NA,"Province"
"512","ABIE.BAL","b5",0.128169,"1","CM"
"513","ABIE.BAL","b5",0.128169,"2","DMW"
"514","ABIE.BAL","b5",0.128169,"3","NM"
"515","ABIE.BAL","b5",0.128169,"4","BSA"
"516","ABIE.BAL","b5",0.128169,"5","PAD"
"517","ABIE.BAL","b5",0.128169,"6","LBH"
"518","ABIE.BAL","b5",0.128169,"9","M"
"519","ABIE.BAL","b5",0.128169,"11","LF"
"520","ABIE.BAL","b5",0.128169,"12","AP"
"521","ABIE.BAL","b5",0.128169,"13","KU"
"522","ABIE.BAL","b5",0.128169,"14","FP"
"523","ABIE.BAL","b5",0.128169,"15","PRP"
"524","ABIE.BAL","b5",0.128169,"16","CP"
"525","ABIE.BAL","b5",0.087438,"7","ALP"
"526","ABIE.BAL","b5",0.087438,"8","SA"
"527","ABIE.BAL","b5",0.087438,"10","UF"
"528","ABIE.BAL","b5",0.077452,NA,"Province"
"529","POPU.TRE","a0",0.944522,"2","DMW"
"530","POPU.TRE","a0",0.944522,"14","FP"
"531","POPU.TRE","a0",0.944522,"15","PRP"
"532","POPU.TRE","a0",0.944522,"16","CP"
"533","POPU.TRE","a0",0.905615,"9","M"
"534","POPU.TRE","a0",0.905615,"11","LF"
"535","POPU.TRE","a0",0.588838,"7","ALP"
"536","POPU.TRE","a0",0.588838,"8","SA"
"537","POPU.TRE","a0",0.588838,"10","UF"
"538","POPU.TRE","a0",0.841897,"1","CM"
"539","POPU.TRE","a0",0.841897,"3","NM"
"540","POPU.TRE","a0",0.841897,"4","BSA"
"541","POPU.TRE","a0",0.841897,"5","PAD"
"542","POPU.TRE","a0",0.841897,"6","LBH"
"543","POPU.TRE","a0",0.841897,"12","AP"
"544","POPU.TRE","a0",0.841897,"13","KU"
"545","POPU.TRE","a0",0.790406,NA,"Province"
"546","POPU.TRE","a1",0.93803,"2","DMW"
"547","POPU.TRE","a1",0.93803,"14","FP"
"548","POPU.TRE","a1",0.93803,"15","PRP"
"549","POPU.TRE","a1",0.93803,"16","CP"
"550","POPU.TRE","a1",0.964894,"9","M"
"551","POPU.TRE","a1",0.964894,"11","LF"
"552","POPU.TRE","a1",1.161895,"7","ALP"
"553","POPU.TRE","a1",1.161895,"8","SA"
"554","POPU.TRE","a1",1.161895,"10","UF"
"555","POPU.TRE","a1",0.997064,"1","CM"
"556","POPU.TRE","a1",0.997064,"3","NM"
"557","POPU.TRE","a1",0.997064,"4","BSA"
"558","POPU.TRE","a1",0.997064,"5","PAD"
"559","POPU.TRE","a1",0.997064,"6","LBH"
"560","POPU.TRE","a1",0.997064,"12","AP"
"561","POPU.TRE","a1",0.997064,"13","KU"
"562","POPU.TRE","a1",1.026943,NA,"Province"
"563","POPU.TRE","a2",1.001644,"2","DMW"
"564","POPU.TRE","a2",1.001644,"14","FP"
"565","POPU.TRE","a2",1.001644,"15","PRP"
"566","POPU.TRE","a2",1.001644,"16","CP"
"567","POPU.TRE","a2",1.000054,"9","M"
"568","POPU.TRE","a2",1.000054,"11","LF"
"569","POPU.TRE","a2",0.992096,"7","ALP"
"570","POPU.TRE","a2",0.992096,"8","SA"
"571","POPU.TRE","a2",0.992096,"10","UF"
"572","POPU.TRE","a2",0.998713,"1","CM"
"573","POPU.TRE","a2",0.998713,"3","NM"
"574","POPU.TRE","a2",0.998713,"4","BSA"
"575","POPU.TRE","a2",0.998713,"5","PAD"
"576","POPU.TRE","a2",0.998713,"6","LBH"
"577","POPU.TRE","a2",0.998713,"12","AP"
"578","POPU.TRE","a2",0.998713,"13","KU"
"579","POPU.TRE","a2",0.997524,NA,"Province"
"580","POPU.TRE","b1",0.695363,"2","DMW"
"581","POPU.TRE","b1",0.695363,"14","FP"
"582","POPU.TRE","b1",0.695363,"15","PRP"
"583","POPU.TRE","b1",0.695363,"16","CP"
"584","POPU.TRE","b1",0.553236,"9","M"
"585","POPU.TRE","b1",0.553236,"11","LF"
"586","POPU.TRE","b1",0.7093,"7","ALP"
"587","POPU.TRE","b1",0.7093,"8","SA"
"588","POPU.TRE","b1",0.7093,"10","UF"
"589","POPU.TRE","b1",0.536865,"1","CM"
"590","POPU.TRE","b1",0.536865,"3","NM"
"591","POPU.TRE","b1",0.536865,"4","BSA"
"592","POPU.TRE","b1",0.536865,"5","PAD"
"593","POPU.TRE","b1",0.536865,"6","LBH"
"594","POPU.TRE","b1",0.536865,"12","AP"
"595","POPU.TRE","b1",0.536865,"13","KU"
"596","POPU.TRE","b1",0.600584,NA,"Province"
"597","POPU.TRE","b2",-0.067849,"2","DMW"
"598","POPU.TRE","b2",-0.067849,"14","FP"
"599","POPU.TRE","b2",-0.067849,"15","PRP"
"600","POPU.TRE","b2",-0.067849,"16","CP"
"601","POPU.TRE","b2",-0.049737,"9","M"
"602","POPU.TRE","b2",-0.049737,"11","LF"
"603","POPU.TRE","b2",-0.075446,"7","ALP"
"604","POPU.TRE","b2",-0.075446,"8","SA"
"605","POPU.TRE","b2",-0.075446,"10","UF"
"606","POPU.TRE","b2",-0.06402,"1","CM"
"607","POPU.TRE","b2",-0.06402,"3","NM"
"608","POPU.TRE","b2",-0.06402,"4","BSA"
"609","POPU.TRE","b2",-0.06402,"5","PAD"
"610","POPU.TRE","b2",-0.06402,"6","LBH"
"611","POPU.TRE","b2",-0.06402,"12","AP"
"612","POPU.TRE","b2",-0.06402,"13","KU"
"613","POPU.TRE","b2",-0.065681,NA,"Province"
"614","POPU.TRE","b3",0.050603,"2","DMW"
"615","POPU.TRE","b3",0.050603,"14","FP"
"616","POPU.TRE","b3",0.050603,"15","PRP"
"617","POPU.TRE","b3",0.050603,"16","CP"
"618","POPU.TRE","b3",-0.280768,"9","M"
"619","POPU.TRE","b3",-0.280768,"11","LF"
"620","POPU.TRE","b3",-0.116041,"7","ALP"
"621","POPU.TRE","b3",-0.116041,"8","SA"
"622","POPU.TRE","b3",-0.116041,"10","UF"
"623","POPU.TRE","b3",-0.234471,"1","CM"
"624","POPU.TRE","b3",-0.234471,"3","NM"
"625","POPU.TRE","b3",-0.234471,"4","BSA"
"626","POPU.TRE","b3",-0.234471,"5","PAD"
"627","POPU.TRE","b3",-0.234471,"6","LBH"
"628","POPU.TRE","b3",-0.234471,"12","AP"
"629","POPU.TRE","b3",-0.234471,"13","KU"
"630","POPU.TRE","b3",-0.173812,NA,"Province"
"631","POPU.TRE","b4",-0.01633,"2","DMW"
"632","POPU.TRE","b4",-0.01633,"14","FP"
"633","POPU.TRE","b4",-0.01633,"15","PRP"
"634","POPU.TRE","b4",-0.01633,"16","CP"
"635","POPU.TRE","b4",0.170687,"9","M"
"636","POPU.TRE","b4",0.170687,"11","LF"
"637","POPU.TRE","b4",0.040949,"7","ALP"
"638","POPU.TRE","b4",0.040949,"8","SA"
"639","POPU.TRE","b4",0.040949,"10","UF"
"640","POPU.TRE","b4",0.179963,"1","CM"
"641","POPU.TRE","b4",0.179963,"3","NM"
"642","POPU.TRE","b4",0.179963,"4","BSA"
"643","POPU.TRE","b4",0.179963,"5","PAD"
"644","POPU.TRE","b4",0.179963,"6","LBH"
"645","POPU.TRE","b4",0.179963,"12","AP"
"646","POPU.TRE","b4",0.179963,"13","KU"
"647","POPU.TRE","b4",0.121363,NA,"Province"
"648","POPU.TRE","b5",0.116432,"2","DMW"
"649","POPU.TRE","b5",0.116432,"14","FP"
"650","POPU.TRE","b5",0.116432,"15","PRP"
"651","POPU.TRE","b5",0.116432,"16","CP"
"652","POPU.TRE","b5",0.075789,"9","M"
"653","POPU.TRE","b5",0.075789,"11","LF"
"654","POPU.TRE","b5",0.113638,"7","ALP"
"655","POPU.TRE","b5",0.113638,"8","SA"
"656","POPU.TRE","b5",0.113638,"10","UF"
"657","POPU.TRE","b5",0.03155,"1","CM"
"658","POPU.TRE","b5",0.03155,"3","NM"
"659","POPU.TRE","b5",0.03155,"4","BSA"
"660","POPU.TRE","b5",0.03155,"5","PAD"
"661","POPU.TRE","b5",0.03155,"6","LBH"
"662","POPU.TRE","b5",0.03155,"12","AP"
"663","POPU.TRE","b5",0.03155,"13","KU"
"664","POPU.TRE","b5",0.063253,NA,"Province"
"665","POPU.BAL","a0",0.913329,"7","ALP"
"666","POPU.BAL","a0",0.913329,"8","SA"
"667","POPU.BAL","a0",0.913329,"9","M"
"668","POPU.BAL","a0",0.913329,"10","UF"
"669","POPU.BAL","a0",0.913329,"11","LF"
"670","POPU.BAL","a0",0.913329,"14","FP"
"671","POPU.BAL","a0",0.80437,"1","CM"
"672","POPU.BAL","a0",0.80437,"2","DMW"
"673","POPU.BAL","a0",0.80437,"3","NM"
"674","POPU.BAL","a0",0.80437,"4","BSA"
"675","POPU.BAL","a0",0.80437,"5","PAD"
"676","POPU.BAL","a0",0.80437,"6","LBH"
"677","POPU.BAL","a0",0.80437,"12","AP"
"678","POPU.BAL","a0",0.80437,"13","KU"
"679","POPU.BAL","a0",0.80437,"15","PRP"
"680","POPU.BAL","a0",0.80437,"16","CP"
"681","POPU.BAL","a0",0.861179,NA,"Province"
"682","POPU.BAL","a1",0.92259,"7","ALP"
"683","POPU.BAL","a1",0.92259,"8","SA"
"684","POPU.BAL","a1",0.92259,"9","M"
"685","POPU.BAL","a1",0.92259,"10","UF"
"686","POPU.BAL","a1",0.92259,"11","LF"
"687","POPU.BAL","a1",0.92259,"14","FP"
"688","POPU.BAL","a1",0.982874,"1","CM"
"689","POPU.BAL","a1",0.982874,"2","DMW"
"690","POPU.BAL","a1",0.982874,"3","NM"
"691","POPU.BAL","a1",0.982874,"4","BSA"
"692","POPU.BAL","a1",0.982874,"5","PAD"
"693","POPU.BAL","a1",0.982874,"6","LBH"
"694","POPU.BAL","a1",0.982874,"12","AP"
"695","POPU.BAL","a1",0.982874,"13","KU"
"696","POPU.BAL","a1",0.982874,"15","PRP"
"697","POPU.BAL","a1",0.982874,"16","CP"
"698","POPU.BAL","a1",0.951483,NA,"Province"
"699","POPU.BAL","a2",1.002574,"7","ALP"
"700","POPU.BAL","a2",1.002574,"8","SA"
"701","POPU.BAL","a2",1.002574,"9","M"
"702","POPU.BAL","a2",1.002574,"10","UF"
"703","POPU.BAL","a2",1.002574,"11","LF"
"704","POPU.BAL","a2",1.002574,"14","FP"
"705","POPU.BAL","a2",0.999527,"1","CM"
"706","POPU.BAL","a2",0.999527,"2","DMW"
"707","POPU.BAL","a2",0.999527,"3","NM"
"708","POPU.BAL","a2",0.999527,"4","BSA"
"709","POPU.BAL","a2",0.999527,"5","PAD"
"710","POPU.BAL","a2",0.999527,"6","LBH"
"711","POPU.BAL","a2",0.999527,"12","AP"
"712","POPU.BAL","a2",0.999527,"13","KU"
"713","POPU.BAL","a2",0.999527,"15","PRP"
"714","POPU.BAL","a2",0.999527,"16","CP"
"715","POPU.BAL","a2",1.000957,NA,"Province"
"716","POPU.BAL","b1",0.308448,"7","ALP"
"717","POPU.BAL","b1",0.308448,"8","SA"
"718","POPU.BAL","b1",0.308448,"9","M"
"719","POPU.BAL","b1",0.308448,"10","UF"
"720","POPU.BAL","b1",0.308448,"11","LF"
"721","POPU.BAL","b1",0.308448,"14","FP"
"722","POPU.BAL","b1",0.996958,"1","CM"
"723","POPU.BAL","b1",0.996958,"2","DMW"
"724","POPU.BAL","b1",0.996958,"3","NM"
"725","POPU.BAL","b1",0.996958,"4","BSA"
"726","POPU.BAL","b1",0.996958,"5","PAD"
"727","POPU.BAL","b1",0.996958,"6","LBH"
"728","POPU.BAL","b1",0.996958,"12","AP"
"729","POPU.BAL","b1",0.996958,"13","KU"
"730","POPU.BAL","b1",0.996958,"15","PRP"
"731","POPU.BAL","b1",0.996958,"16","CP"
"732","POPU.BAL","b1",0.752581,NA,"Province"
"733","POPU.BAL","b2",-0.06567,"7","ALP"
"734","POPU.BAL","b2",-0.06567,"8","SA"
"735","POPU.BAL","b2",-0.06567,"9","M"
"736","POPU.BAL","b2",-0.06567,"10","UF"
"737","POPU.BAL","b2",-0.06567,"11","LF"
"738","POPU.BAL","b2",-0.06567,"14","FP"
"739","POPU.BAL","b2",-0.223248,"1","CM"
"740","POPU.BAL","b2",-0.223248,"2","DMW"
"741","POPU.BAL","b2",-0.223248,"3","NM"
"742","POPU.BAL","b2",-0.223248,"4","BSA"
"743","POPU.BAL","b2",-0.223248,"5","PAD"
"744","POPU.BAL","b2",-0.223248,"6","LBH"
"745","POPU.BAL","b2",-0.223248,"12","AP"
"746","POPU.BAL","b2",-0.223248,"13","KU"
"747","POPU.BAL","b2",-0.223248,"15","PRP"
"748","POPU.BAL","b2",-0.223248,"16","CP"
"749","POPU.BAL","b2",-0.167305,NA,"Province"
"750","POPU.BAL","b3",-0.10213,"7","ALP"
"751","POPU.BAL","b3",-0.10213,"8","SA"
"752","POPU.BAL","b3",-0.10213,"9","M"
"753","POPU.BAL","b3",-0.10213,"10","UF"
"754","POPU.BAL","b3",-0.10213,"11","LF"
"755","POPU.BAL","b3",-0.10213,"14","FP"
"756","POPU.BAL","b3",1.106731,"1","CM"
"757","POPU.BAL","b3",1.106731,"2","DMW"
"758","POPU.BAL","b3",1.106731,"3","NM"
"759","POPU.BAL","b3",1.106731,"4","BSA"
"760","POPU.BAL","b3",1.106731,"5","PAD"
"761","POPU.BAL","b3",1.106731,"6","LBH"
"762","POPU.BAL","b3",1.106731,"12","AP"
"763","POPU.BAL","b3",1.106731,"13","KU"
"764","POPU.BAL","b3",1.106731,"15","PRP"
"765","POPU.BAL","b3",1.106731,"16","CP"
"766","POPU.BAL","b3",0.693611,NA,"Province"
"767","POPU.BAL","b4",0.226336,"7","ALP"
"768","POPU.BAL","b4",0.226336,"8","SA"
"769","POPU.BAL","b4",0.226336,"9","M"
"770","POPU.BAL","b4",0.226336,"10","UF"
"771","POPU.BAL","b4",0.226336,"11","LF"
"772","POPU.BAL","b4",0.226336,"14","FP"
"773","POPU.BAL","b4",-0.459817,"1","CM"
"774","POPU.BAL","b4",-0.459817,"2","DMW"
"775","POPU.BAL","b4",-0.459817,"3","NM"
"776","POPU.BAL","b4",-0.459817,"4","BSA"
"777","POPU.BAL","b4",-0.459817,"5","PAD"
"778","POPU.BAL","b4",-0.459817,"6","LBH"
"779","POPU.BAL","b4",-0.459817,"12","AP"
"780","POPU.BAL","b4",-0.459817,"13","KU"
"781","POPU.BAL","b4",-0.459817,"15","PRP"
"782","POPU.BAL","b4",-0.459817,"16","CP"
"783","POPU.BAL","b4",-0.224137,NA,"Province"
"784","POPU.BAL","b5",0.023148,"7","ALP"
"785","POPU.BAL","b5",0.023148,"8","SA"
"786","POPU.BAL","b5",0.023148,"9","M"
"787","POPU.BAL","b5",0.023148,"10","UF"
"788","POPU.BAL","b5",0.023148,"11","LF"
"789","POPU.BAL","b5",0.023148,"14","FP"
"790","POPU.BAL","b5",-0.003392,"1","CM"
"791","POPU.BAL","b5",-0.003392,"2","DMW"
"792","POPU.BAL","b5",-0.003392,"3","NM"
"793","POPU.BAL","b5",-0.003392,"4","BSA"
"794","POPU.BAL","b5",-0.003392,"5","PAD"
"795","POPU.BAL","b5",-0.003392,"6","LBH"
"796","POPU.BAL","b5",-0.003392,"12","AP"
"797","POPU.BAL","b5",-0.003392,"13","KU"
"798","POPU.BAL","b5",-0.003392,"15","PRP"
"799","POPU.BAL","b5",-0.003392,"16","CP"
"800","POPU.BAL","b5",0.008214,NA,"Province"
"801","PICE.GLA","a0",0.713393,"7","ALP"
"802","PICE.GLA","a0",0.713393,"8","SA"
"803","PICE.GLA","a0",0.713393,"10","UF"
"804","PICE.GLA","a0",0.903528,"1","CM"
"805","PICE.GLA","a0",0.903528,"2","DMW"
"806","PICE.GLA","a0",0.903528,"3","NM"
"807","PICE.GLA","a0",0.903528,"4","BSA"
"808","PICE.GLA","a0",0.903528,"5","PAD"
"809","PICE.GLA","a0",0.903528,"6","LBH"
"810","PICE.GLA","a0",0.903528,"12","AP"
"811","PICE.GLA","a0",0.903528,"13","KU"
"812","PICE.GLA","a0",0.903528,"15","PRP"
"813","PICE.GLA","a0",0.903528,"16","CP"
"814","PICE.GLA","a0",0.862685,"9","M"
"815","PICE.GLA","a0",0.862685,"11","LF"
"816","PICE.GLA","a0",0.862685,"14","FP"
"817","PICE.GLA","a0",0.860438,NA,"Province"
"818","PICE.GLA","a1",1.071533,"7","ALP"
"819","PICE.GLA","a1",1.071533,"8","SA"
"820","PICE.GLA","a1",1.071533,"10","UF"
"821","PICE.GLA","a1",0.975136,"1","CM"
"822","PICE.GLA","a1",0.975136,"2","DMW"
"823","PICE.GLA","a1",0.975136,"3","NM"
"824","PICE.GLA","a1",0.975136,"4","BSA"
"825","PICE.GLA","a1",0.975136,"5","PAD"
"826","PICE.GLA","a1",0.975136,"6","LBH"
"827","PICE.GLA","a1",0.975136,"12","AP"
"828","PICE.GLA","a1",0.975136,"13","KU"
"829","PICE.GLA","a1",0.975136,"15","PRP"
"830","PICE.GLA","a1",0.975136,"16","CP"
"831","PICE.GLA","a1",0.993148,"9","M"
"832","PICE.GLA","a1",0.993148,"11","LF"
"833","PICE.GLA","a1",0.993148,"14","FP"
"834","PICE.GLA","a1",0.995406,NA,"Province"
"835","PICE.GLA","a2",0.996067,"7","ALP"
"836","PICE.GLA","a2",0.996067,"8","SA"
"837","PICE.GLA","a2",0.996067,"10","UF"
"838","PICE.GLA","a2",0.999018,"1","CM"
"839","PICE.GLA","a2",0.999018,"2","DMW"
"840","PICE.GLA","a2",0.999018,"3","NM"
"841","PICE.GLA","a2",0.999018,"4","BSA"
"842","PICE.GLA","a2",0.999018,"5","PAD"
"843","PICE.GLA","a2",0.999018,"6","LBH"
"844","PICE.GLA","a2",0.999018,"12","AP"
"845","PICE.GLA","a2",0.999018,"13","KU"
"846","PICE.GLA","a2",0.999018,"15","PRP"
"847","PICE.GLA","a2",0.999018,"16","CP"
"848","PICE.GLA","a2",0.998773,"9","M"
"849","PICE.GLA","a2",0.998773,"11","LF"
"850","PICE.GLA","a2",0.998773,"14","FP"
"851","PICE.GLA","a2",0.998493,NA,"Province"
"852","PICE.GLA","b1",1.153679,"7","ALP"
"853","PICE.GLA","b1",1.153679,"8","SA"
"854","PICE.GLA","b1",1.153679,"10","UF"
"855","PICE.GLA","b1",0.846981,"1","CM"
"856","PICE.GLA","b1",0.846981,"2","DMW"
"857","PICE.GLA","b1",0.846981,"3","NM"
"858","PICE.GLA","b1",0.846981,"4","BSA"
"859","PICE.GLA","b1",0.846981,"5","PAD"
"860","PICE.GLA","b1",0.846981,"6","LBH"
"861","PICE.GLA","b1",0.846981,"12","AP"
"862","PICE.GLA","b1",0.846981,"13","KU"
"863","PICE.GLA","b1",0.846981,"15","PRP"
"864","PICE.GLA","b1",0.846981,"16","CP"
"865","PICE.GLA","b1",1.135018,"9","M"
"866","PICE.GLA","b1",1.135018,"11","LF"
"867","PICE.GLA","b1",1.135018,"14","FP"
"868","PICE.GLA","b1",1.040218,NA,"Province"
"869","PICE.GLA","b2",-0.283807,"7","ALP"
"870","PICE.GLA","b2",-0.283807,"8","SA"
"871","PICE.GLA","b2",-0.283807,"10","UF"
"872","PICE.GLA","b2",-0.244969,"1","CM"
"873","PICE.GLA","b2",-0.244969,"2","DMW"
"874","PICE.GLA","b2",-0.244969,"3","NM"
"875","PICE.GLA","b2",-0.244969,"4","BSA"
"876","PICE.GLA","b2",-0.244969,"5","PAD"
"877","PICE.GLA","b2",-0.244969,"6","LBH"
"878","PICE.GLA","b2",-0.244969,"12","AP"
"879","PICE.GLA","b2",-0.244969,"13","KU"
"880","PICE.GLA","b2",-0.244969,"15","PRP"
"881","PICE.GLA","b2",-0.244969,"16","CP"
"882","PICE.GLA","b2",-0.252377,"9","M"
"883","PICE.GLA","b2",-0.252377,"11","LF"
"884","PICE.GLA","b2",-0.252377,"14","FP"
"885","PICE.GLA","b2",-0.252387,NA,"Province"
"886","PICE.GLA","b3",2.022713,"7","ALP"
"887","PICE.GLA","b3",2.022713,"8","SA"
"888","PICE.GLA","b3",2.022713,"10","UF"
"889","PICE.GLA","b3",1.783097,"1","CM"
"890","PICE.GLA","b3",1.783097,"2","DMW"
"891","PICE.GLA","b3",1.783097,"3","NM"
"892","PICE.GLA","b3",1.783097,"4","BSA"
"893","PICE.GLA","b3",1.783097,"5","PAD"
"894","PICE.GLA","b3",1.783097,"6","LBH"
"895","PICE.GLA","b3",1.783097,"12","AP"
"896","PICE.GLA","b3",1.783097,"13","KU"
"897","PICE.GLA","b3",1.783097,"15","PRP"
"898","PICE.GLA","b3",1.783097,"16","CP"
"899","PICE.GLA","b3",1.885321,"9","M"
"900","PICE.GLA","b3",1.885321,"11","LF"
"901","PICE.GLA","b3",1.885321,"14","FP"
"902","PICE.GLA","b3",1.842818,NA,"Province"
"903","PICE.GLA","b4",-0.953783,"7","ALP"
"904","PICE.GLA","b4",-0.953783,"8","SA"
"905","PICE.GLA","b4",-0.953783,"10","UF"
"906","PICE.GLA","b4",-0.730236,"1","CM"
"907","PICE.GLA","b4",-0.730236,"2","DMW"
"908","PICE.GLA","b4",-0.730236,"3","NM"
"909","PICE.GLA","b4",-0.730236,"4","BSA"
"910","PICE.GLA","b4",-0.730236,"5","PAD"
"911","PICE.GLA","b4",-0.730236,"6","LBH"
"912","PICE.GLA","b4",-0.730236,"12","AP"
"913","PICE.GLA","b4",-0.730236,"13","KU"
"914","PICE.GLA","b4",-0.730236,"15","PRP"
"915","PICE.GLA","b4",-0.730236,"16","CP"
"916","PICE.GLA","b4",-0.921437,"9","M"
"917","PICE.GLA","b4",-0.921437,"11","LF"
"918","PICE.GLA","b4",-0.921437,"14","FP"
"919","PICE.GLA","b4",-0.852227,NA,"Province"
"920","PICE.GLA","b5",0.101608,"7","ALP"
"921","PICE.GLA","b5",0.101608,"8","SA"
"922","PICE.GLA","b5",0.101608,"10","UF"
"923","PICE.GLA","b5",0.040997,"1","CM"
"924","PICE.GLA","b5",0.040997,"2","DMW"
"925","PICE.GLA","b5",0.040997,"3","NM"
"926","PICE.GLA","b5",0.040997,"4","BSA"
"927","PICE.GLA","b5",0.040997,"5","PAD"
"928","PICE.GLA","b5",0.040997,"6","LBH"
"929","PICE.GLA","b5",0.040997,"12","AP"
"930","PICE.GLA","b5",0.040997,"13","KU"
"931","PICE.GLA","b5",0.040997,"15","PRP"
"932","PICE.GLA","b5",0.040997,"16","CP"
"933","PICE.GLA","b5",0.150228,"9","M"
"934","PICE.GLA","b5",0.150228,"11","LF"
"935","PICE.GLA","b5",0.150228,"14","FP"
"936","PICE.GLA","b5",0.110359,NA,"Province"
"937","PINU.CON","a0",0.800648,"7","ALP"
"938","PINU.CON","a0",0.800648,"8","SA"
"939","PINU.CON","a0",0.957164,"6","LBH"
"940","PINU.CON","a0",0.957164,"9","M"
"941","PINU.CON","a0",0.957164,"11","LF"
"942","PINU.CON","a0",0.957164,"14","FP"
"943","PINU.CON","a0",0.828665,"4","BSA"
"944","PINU.CON","a0",0.828665,"10","UF"
"945","PINU.CON","a0",1.033572,"1","CM"
"946","PINU.CON","a0",1.033572,"2","DMW"
"947","PINU.CON","a0",1.033572,"3","NM"
"948","PINU.CON","a0",1.033572,"5","PAD"
"949","PINU.CON","a0",1.033572,"12","AP"
"950","PINU.CON","a0",1.033572,"13","KU"
"951","PINU.CON","a0",1.033572,"15","PRP"
"952","PINU.CON","a0",1.033572,"16","CP"
"953","PINU.CON","a0",0.897617,NA,"Province"
"954","PINU.CON","a1",1.053544,"7","ALP"
"955","PINU.CON","a1",1.053544,"8","SA"
"956","PINU.CON","a1",0.959992,"6","LBH"
"957","PINU.CON","a1",0.959992,"9","M"
"958","PINU.CON","a1",0.959992,"11","LF"
"959","PINU.CON","a1",0.959992,"14","FP"
"960","PINU.CON","a1",1.024196,"4","BSA"
"961","PINU.CON","a1",1.024196,"10","UF"
"962","PINU.CON","a1",0.913621,"1","CM"
"963","PINU.CON","a1",0.913621,"2","DMW"
"964","PINU.CON","a1",0.913621,"3","NM"
"965","PINU.CON","a1",0.913621,"5","PAD"
"966","PINU.CON","a1",0.913621,"12","AP"
"967","PINU.CON","a1",0.913621,"13","KU"
"968","PINU.CON","a1",0.913621,"15","PRP"
"969","PINU.CON","a1",0.913621,"16","CP"
"970","PINU.CON","a1",0.988518,NA,"Province"
"971","PINU.CON","a2",0.995568,"7","ALP"
"972","PINU.CON","a2",0.995568,"8","SA"
"973","PINU.CON","a2",0.999774,"6","LBH"
"974","PINU.CON","a2",0.999774,"9","M"
"975","PINU.CON","a2",0.999774,"11","LF"
"976","PINU.CON","a2",0.999774,"14","FP"
"977","PINU.CON","a2",0.997492,"4","BSA"
"978","PINU.CON","a2",0.997492,"10","UF"
"979","PINU.CON","a2",1.000765,"1","CM"
"980","PINU.CON","a2",1.000765,"2","DMW"
"981","PINU.CON","a2",1.000765,"3","NM"
"982","PINU.CON","a2",1.000765,"5","PAD"
"983","PINU.CON","a2",1.000765,"12","AP"
"984","PINU.CON","a2",1.000765,"13","KU"
"985","PINU.CON","a2",1.000765,"15","PRP"
"986","PINU.CON","a2",1.000765,"16","CP"
"987","PINU.CON","a2",0.998735,NA,"Province"
"988","PINU.CON","b1",0.568347,"7","ALP"
"989","PINU.CON","b1",0.568347,"8","SA"
"990","PINU.CON","b1",0.766747,"6","LBH"
"991","PINU.CON","b1",0.766747,"9","M"
"992","PINU.CON","b1",0.766747,"11","LF"
"993","PINU.CON","b1",0.766747,"14","FP"
"994","PINU.CON","b1",0.596193,"4","BSA"
"995","PINU.CON","b1",0.596193,"10","UF"
"996","PINU.CON","b1",0.256633,"1","CM"
"997","PINU.CON","b1",0.256633,"2","DMW"
"998","PINU.CON","b1",0.256633,"3","NM"
"999","PINU.CON","b1",0.256633,"5","PAD"
"1000","PINU.CON","b1",0.256633,"12","AP"
"1001","PINU.CON","b1",0.256633,"13","KU"
"1002","PINU.CON","b1",0.256633,"15","PRP"
"1003","PINU.CON","b1",0.256633,"16","CP"
"1004","PINU.CON","b1",0.675759,NA,"Province"
"1005","PINU.CON","b2",-0.125114,"7","ALP"
"1006","PINU.CON","b2",-0.125114,"8","SA"
"1007","PINU.CON","b2",-0.140758,"6","LBH"
"1008","PINU.CON","b2",-0.140758,"9","M"
"1009","PINU.CON","b2",-0.140758,"11","LF"
"1010","PINU.CON","b2",-0.140758,"14","FP"
"1011","PINU.CON","b2",-0.118777,"4","BSA"
"1012","PINU.CON","b2",-0.118777,"10","UF"
"1013","PINU.CON","b2",-0.049091,"1","CM"
"1014","PINU.CON","b2",-0.049091,"2","DMW"
"1015","PINU.CON","b2",-0.049091,"3","NM"
"1016","PINU.CON","b2",-0.049091,"5","PAD"
"1017","PINU.CON","b2",-0.049091,"12","AP"
"1018","PINU.CON","b2",-0.049091,"13","KU"
"1019","PINU.CON","b2",-0.049091,"15","PRP"
"1020","PINU.CON","b2",-0.049091,"16","CP"
"1021","PINU.CON","b2",-0.130313,NA,"Province"
"1022","PINU.CON","b3",0.610085,"7","ALP"
"1023","PINU.CON","b3",0.610085,"8","SA"
"1024","PINU.CON","b3",0.666037,"6","LBH"
"1025","PINU.CON","b3",0.666037,"9","M"
"1026","PINU.CON","b3",0.666037,"11","LF"
"1027","PINU.CON","b3",0.666037,"14","FP"
"1028","PINU.CON","b3",0.465591,"4","BSA"
"1029","PINU.CON","b3",0.465591,"10","UF"
"1030","PINU.CON","b3",-0.252118,"1","CM"
"1031","PINU.CON","b3",-0.252118,"2","DMW"
"1032","PINU.CON","b3",-0.252118,"3","NM"
"1033","PINU.CON","b3",-0.252118,"5","PAD"
"1034","PINU.CON","b3",-0.252118,"12","AP"
"1035","PINU.CON","b3",-0.252118,"13","KU"
"1036","PINU.CON","b3",-0.252118,"15","PRP"
"1037","PINU.CON","b3",-0.252118,"16","CP"
"1038","PINU.CON","b3",0.570634,NA,"Province"
"1039","PINU.CON","b4",-0.238442,"7","ALP"
"1040","PINU.CON","b4",-0.238442,"8","SA"
"1041","PINU.CON","b4",-0.35505,"6","LBH"
"1042","PINU.CON","b4",-0.35505,"9","M"
"1043","PINU.CON","b4",-0.35505,"11","LF"
"1044","PINU.CON","b4",-0.35505,"14","FP"
"1045","PINU.CON","b4",-0.196176,"4","BSA"
"1046","PINU.CON","b4",-0.196176,"10","UF"
"1047","PINU.CON","b4",0.174267,"1","CM"
"1048","PINU.CON","b4",0.174267,"2","DMW"
"1049","PINU.CON","b4",0.174267,"3","NM"
"1050","PINU.CON","b4",0.174267,"5","PAD"
"1051","PINU.CON","b4",0.174267,"12","AP"
"1052","PINU.CON","b4",0.174267,"13","KU"
"1053","PINU.CON","b4",0.174267,"15","PRP"
"1054","PINU.CON","b4",0.174267,"16","CP"
"1055","PINU.CON","b4",-0.275457,NA,"Province"
"1056","PINU.CON","b5",0.045398,"7","ALP"
"1057","PINU.CON","b5",0.045398,"8","SA"
"1058","PINU.CON","b5",0.13214,"6","LBH"
"1059","PINU.CON","b5",0.13214,"9","M"
"1060","PINU.CON","b5",0.13214,"11","LF"
"1061","PINU.CON","b5",0.13214,"14","FP"
"1062","PINU.CON","b5",0.083094,"4","BSA"
"1063","PINU.CON","b5",0.083094,"10","UF"
"1064","PINU.CON","b5",0.123722,"1","CM"
"1065","PINU.CON","b5",0.123722,"2","DMW"
"1066","PINU.CON","b5",0.123722,"3","NM"
"1067","PINU.CON","b5",0.123722,"5","PAD"
"1068","PINU.CON","b5",0.123722,"12","AP"
"1069","PINU.CON","b5",0.123722,"13","KU"
"1070","PINU.CON","b5",0.123722,"15","PRP"
"1071","PINU.CON","b5",0.123722,"16","CP"
"1072","PINU.CON","b5",0.105403,NA,"Province"
"1073","PINU.BAN","a0",0.940832,NA,"Province"
"1074","PSEU.MEN","a0",0.913153,NA,"Province"
"1075","BETU.PAP","a0",0.894358,NA,"Province"
"1076","LARI.LAR","a0",0.933517,NA,"Province"
"1077","PICE.ENG","a0",1.072576,NA,"Province"
"1078","PINU.BAN","a1",0.955575,NA,"Province"
"1079","PSEU.MEN","a1",0.964386,NA,"Province"
"1080","BETU.PAP","a1",1.007721,NA,"Province"
"1081","LARI.LAR","a1",0.965471,NA,"Province"
"1082","PICE.ENG","a1",0.897766,NA,"Province"
"1083","PINU.BAN","a2",0.999333,NA,"Province"
"1084","PSEU.MEN","a2",0.998391,NA,"Province"
"1085","BETU.PAP","a2",0.991384,NA,"Province"
"1086","LARI.LAR","a2",0.998393,NA,"Province"
"1087","PICE.ENG","a2",1.001919,NA,"Province"
"1088","PINU.BAN","b1",0.116311,NA,"Province"
"1089","PSEU.MEN","b1",1.386315,NA,"Province"
"1090","BETU.PAP","b1",-0.483072,NA,"Province"
"1091","LARI.LAR","b1",2.079455,NA,"Province"
"1092","PICE.ENG","b1",1.301834,NA,"Province"
"1093","PINU.BAN","b2",-0.028172,NA,"Province"
"1094","PSEU.MEN","b2",-0.286495,NA,"Province"
"1095","BETU.PAP","b2",0.155593,NA,"Province"
"1096","LARI.LAR","b2",-0.462028,NA,"Province"
"1097","PICE.ENG","b2",-0.305439,NA,"Province"
"1098","PINU.BAN","b3",-0.384427,NA,"Province"
"1099","PSEU.MEN","b3",1.783899,NA,"Province"
"1100","BETU.PAP","b3",-2.273122,NA,"Province"
"1101","LARI.LAR","b3",3.732057,NA,"Province"
"1102","PICE.ENG","b3",2.265717,NA,"Province"
"1103","PINU.BAN","b4",0.304055,NA,"Province"
"1104","PSEU.MEN","b4",-0.916932,NA,"Province"
"1105","BETU.PAP","b4",1.326501,NA,"Province"
"1106","LARI.LAR","b4",-1.950194,NA,"Province"
"1107","PICE.ENG","b4",-1.119671,NA,"Province"
"1108","PINU.BAN","b5",0.072192,NA,"Province"
"1109","PSEU.MEN","b5",0.05883,NA,"Province"
"1110","BETU.PAP","b5",0.168897,NA,"Province"
"1111","LARI.LAR","b5",0.190425,NA,"Province"
"1112","PICE.ENG","b5",0.123519,NA,"Province"
